{
  "project_info": {
    "project_number": "200390727722",
    "project_id": "cse227-ca1-firebaserealtime-db",
    "storage_bucket": "cse227-ca1-firebaserealtime-db.appspot.com"
  },
  "client": [
    {
      "client_info": {
        "mobilesdk_app_id": "1:200390727722:android:24c8b0ae1428fac4a28b53",
        "android_client_info": {
          "package_name": "com.soyel.cse227ca1firebaserealtimedb"
        }
      },
      "oauth_client": [],
      "api_key": [
        {
          "current_key": "AIzaSyDKzECHREfY594X9oJmVIoOI9kAOHCoO3k"
        }
      ],
      "services": {
        "appinvite_service": {
          "other_platform_oauth_client": []
        }
      }
    }
  ],
  "configuration_version": "1"
}